{
  "initial_capital": 100000.0,
  "cost_bps": 10.0,
  "equity_curve": [
    100000.0,
    100000.0,
    100000.0,
    100000.0,
    100000.0,
    101751.85185185187,
    98976.80134680137,
    103601.88552188555,
    106376.93602693603,
    104526.90235690236,
    109151.98653198655,
    111002.02020202021,
    108226.9696969697,
    103601.88552188555,
    103498.28363636366,
    103498.28363636366,
    103498.28363636366,
    103498.28363636366,
    103498.28363636366,
    103498.28363636366,
    107337.57711030306,
    112261.31917958299
  ],
  "metrics": {
    "total_return": 0.12261319179582997,
    "annualized_return": 3.006468158725366,
    "volatility": 0.3843712176531504,
    "sharpe_ratio": 3.802507452129353,
    "max_drawdown": -0.06759999999999988,
    "num_trades": 3,
    "win_rate": 0.6363636363636364
  }
}