{
  "sma_window": 5,
  "ema_window": 5,
  "sma": [
    null,
    null,
    null,
    null,
    103.2,
    105.2,
    106.2,
    108.4,
    110.4,
    111.4,
    113.0,
    115.6,
    116.6,
    116.0,
    115.0,
    112.2,
    108.2,
    104.4,
    102.4,
    101.8,
    102.8,
    105.6
  ],
  "ema": [
    100.0,
    100.66666666666667,
    100.77777777777779,
    102.1851851851852,
    104.12345679012348,
    106.082304526749,
    106.38820301783267,
    108.25880201188845,
    110.50586800792564,
    111.3372453386171,
    113.55816355907807,
    115.70544237271872,
    116.13696158181249,
    114.757974387875,
    112.50531625858333,
    109.67021083905556,
    106.44680722603704,
    103.63120481735803,
    103.0874698782387,
    103.72497991882581,
    105.48331994588388,
    108.32221329725593
  ],
  "daily_return": [
    null,
    0.020000000000000018,
    -0.009803921568627416,
    0.03960396039603964,
    0.02857142857142847,
    0.0185185185185186,
    -0.027272727272727226,
    0.04672897196261672,
    0.02678571428571419,
    -0.017391304347826098,
    0.04424778761061954,
    0.016949152542372836,
    -0.025000000000000022,
    -0.042735042735042694,
    -0.0357142857142857,
    -0.03703703703703709,
    -0.038461538461538436,
    -0.020000000000000018,
    0.04081632653061229,
    0.02941176470588225,
    0.03809523809523818,
    0.04587155963302747
  ],
  "cumulative_return": [
    0.0,
    0.020000000000000018,
    0.010000000000000009,
    0.050000000000000044,
    0.08000000000000007,
    0.10000000000000009,
    0.07000000000000006,
    0.1200000000000001,
    0.1499999999999999,
    0.1299999999999999,
    0.17999999999999994,
    0.19999999999999996,
    0.16999999999999993,
    0.1200000000000001,
    0.08000000000000007,
    0.040000000000000036,
    0.0,
    -0.020000000000000018,
    0.020000000000000018,
    0.050000000000000044,
    0.09000000000000008,
    0.1399999999999999
  ],
  "max_drawdown": -0.18333333333333332
}